-- MySQL dump 10.13  Distrib 8.0.26, for macos11 (x86_64)
--
-- Host: localhost    Database: valetbike_development
-- ------------------------------------------------------
-- Server version	8.0.26

/*!40101 SET @OLD_CHARACTER_SET_CLIENT=@@CHARACTER_SET_CLIENT */;
/*!40101 SET @OLD_CHARACTER_SET_RESULTS=@@CHARACTER_SET_RESULTS */;
/*!40101 SET @OLD_COLLATION_CONNECTION=@@COLLATION_CONNECTION */;
/*!50503 SET NAMES utf8mb4 */;
/*!40103 SET @OLD_TIME_ZONE=@@TIME_ZONE */;
/*!40103 SET TIME_ZONE='+00:00' */;
/*!40014 SET @OLD_UNIQUE_CHECKS=@@UNIQUE_CHECKS, UNIQUE_CHECKS=0 */;
/*!40014 SET @OLD_FOREIGN_KEY_CHECKS=@@FOREIGN_KEY_CHECKS, FOREIGN_KEY_CHECKS=0 */;
/*!40101 SET @OLD_SQL_MODE=@@SQL_MODE, SQL_MODE='NO_AUTO_VALUE_ON_ZERO' */;
/*!40111 SET @OLD_SQL_NOTES=@@SQL_NOTES, SQL_NOTES=0 */;

--
-- Table structure for table `ar_internal_metadata`
--

DROP TABLE IF EXISTS `ar_internal_metadata`;
/*!40101 SET @saved_cs_client     = @@character_set_client */;
/*!50503 SET character_set_client = utf8mb4 */;
CREATE TABLE `ar_internal_metadata` (
  `key` varchar(255) NOT NULL,
  `value` varchar(255) DEFAULT NULL,
  `created_at` datetime(6) NOT NULL,
  `updated_at` datetime(6) NOT NULL,
  PRIMARY KEY (`key`)
) ENGINE=InnoDB DEFAULT CHARSET=utf8mb4 COLLATE=utf8mb4_0900_ai_ci;
/*!40101 SET character_set_client = @saved_cs_client */;

--
-- Dumping data for table `ar_internal_metadata`
--

LOCK TABLES `ar_internal_metadata` WRITE;
/*!40000 ALTER TABLE `ar_internal_metadata` DISABLE KEYS */;
INSERT INTO `ar_internal_metadata` VALUES ('environment','development','2021-09-12 17:58:18.706074','2021-09-12 17:58:18.706074');
/*!40000 ALTER TABLE `ar_internal_metadata` ENABLE KEYS */;
UNLOCK TABLES;

--
-- Table structure for table `bikes`
--

DROP TABLE IF EXISTS `bikes`;
/*!40101 SET @saved_cs_client     = @@character_set_client */;
/*!50503 SET character_set_client = utf8mb4 */;
CREATE TABLE `bikes` (
  `id` bigint NOT NULL AUTO_INCREMENT,
  `identifier` int DEFAULT NULL,
  `current_station_id` int DEFAULT NULL,
  `created_at` datetime(6) NOT NULL,
  `updated_at` datetime(6) NOT NULL,
  PRIMARY KEY (`id`)
) ENGINE=InnoDB AUTO_INCREMENT=3 DEFAULT CHARSET=utf8mb4 COLLATE=utf8mb4_0900_ai_ci;
/*!40101 SET character_set_client = @saved_cs_client */;

--
-- Dumping data for table `bikes`
--

LOCK TABLES `bikes` WRITE;
/*!40000 ALTER TABLE `bikes` DISABLE KEYS */;
INSERT INTO `bikes` VALUES (1,3849,4,'2021-09-12 20:50:51.740289','2021-09-12 20:50:51.740289'),(2,3740,1,'2021-09-12 20:50:51.740289','2021-09-12 20:50:51.740289'),(3,7946,5,'2021-09-12 20:50:51.740289','2021-09-12 20:50:51.740289'),(4,6242,14,'2021-09-12 20:50:51.740289','2021-09-12 20:50:51.740289'),(5,6928,NULL,'2021-09-12 20:50:51.740289','2021-09-12 20:50:51.740289'),(6,9543,3,'2021-09-12 20:50:51.740289','2021-09-12 20:50:51.740289'),(7,2459,13,'2021-09-12 20:50:51.740289','2021-09-12 20:50:51.740289'),(8,4949,4,'2021-09-12 20:50:51.740289','2021-09-12 20:50:51.740289'),(9,2576,NULL,'2021-09-12 20:50:51.740289','2021-09-12 20:50:51.740289'),(10,4647,4,'2021-09-12 20:50:51.740289','2021-09-12 20:50:51.740289'),(11,6868,NULL,'2021-09-12 20:50:51.740289','2021-09-12 20:50:51.740289'),(12,4684,11,'2021-09-12 20:50:51.740289','2021-09-12 20:50:51.740289'),(13,3492,6,'2021-09-12 20:50:51.740289','2021-09-12 20:50:51.740289'),(14,3594,3,'2021-09-12 20:50:51.740289','2021-09-12 20:50:51.740289'),(15,4273,NULL,'2021-09-12 20:50:51.740289','2021-09-12 20:50:51.740289'),(16,6908,1,'2021-09-12 20:50:51.740289','2021-09-12 20:50:51.740289'),(17,3176,5,'2021-09-12 20:50:51.740289','2021-09-12 20:50:51.740289'),(18,7169,10,'2021-09-12 20:50:51.740289','2021-09-12 20:50:51.740289'),(19,7938,8,'2021-09-12 20:50:51.740289','2021-09-12 20:50:51.740289'),(20,5995,NULL,'2021-09-12 20:50:51.740289','2021-09-12 20:50:51.740289'),(21,4499,NULL,'2021-09-12 20:50:51.740289','2021-09-12 20:50:51.740289'),(22,6813,11,'2021-09-12 20:50:51.740289','2021-09-12 20:50:51.740289'),(23,4329,10,'2021-09-12 20:50:51.740289','2021-09-12 20:50:51.740289'),(24,9473,NULL,'2021-09-12 20:50:51.740289','2021-09-12 20:50:51.740289'),(25,5378,5,'2021-09-12 20:50:51.740289','2021-09-12 20:50:51.740289'),(26,7872,11,'2021-09-12 20:50:51.740289','2021-09-12 20:50:51.740289'),(27,2008,11,'2021-09-12 20:50:51.740289','2021-09-12 20:50:51.740289'),(28,2351,14,'2021-09-12 20:50:51.740289','2021-09-12 20:50:51.740289'),(29,4729,11,'2021-09-12 20:50:51.740289','2021-09-12 20:50:51.740289'),(30,7165,1,'2021-09-12 20:50:51.740289','2021-09-12 20:50:51.740289'),(31,1106,6,'2021-09-12 20:50:51.740289','2021-09-12 20:50:51.740289'),(32,1372,NULL,'2021-09-12 20:50:51.740289','2021-09-12 20:50:51.740289'),(33,6730,8,'2021-09-12 20:50:51.740289','2021-09-12 20:50:51.740289'),(34,2699,10,'2021-09-12 20:50:51.740289','2021-09-12 20:50:51.740289'),(35,1366,11,'2021-09-12 20:50:51.740289','2021-09-12 20:50:51.740289'),(36,2596,1,'2021-09-12 20:50:51.740289','2021-09-12 20:50:51.740289'),(37,2663,NULL,'2021-09-12 20:50:51.740289','2021-09-12 20:50:51.740289'),(38,3780,10,'2021-09-12 20:50:51.740289','2021-09-12 20:50:51.740289'),(39,5408,10,'2021-09-12 20:50:51.740289','2021-09-12 20:50:51.740289'),(40,8564,NULL,'2021-09-12 20:50:51.740289','2021-09-12 20:50:51.740289'),(41,7022,14,'2021-09-12 20:50:51.740289','2021-09-12 20:50:51.740289'),(42,4503,10,'2021-09-12 20:50:51.740289','2021-09-12 20:50:51.740289'),(43,6884,14,'2021-09-12 20:50:51.740289','2021-09-12 20:50:51.740289'),(44,4757,NULL,'2021-09-12 20:50:51.740289','2021-09-12 20:50:51.740289'),(45,8702,14,'2021-09-12 20:50:51.740289','2021-09-12 20:50:51.740289'),(46,5697,NULL,'2021-09-12 20:50:51.740289','2021-09-12 20:50:51.740289'),(47,3434,4,'2021-09-12 20:50:51.740289','2021-09-12 20:50:51.740289'),(48,3684,12,'2021-09-12 20:50:51.740289','2021-09-12 20:50:51.740289'),(49,7522,7,'2021-09-12 20:50:51.740289','2021-09-12 20:50:51.740289'),(50,9824,8,'2021-09-12 20:50:51.740289','2021-09-12 20:50:51.740289'),(51,8918,NULL,'2021-09-12 20:50:51.740289','2021-09-12 20:50:51.740289'),(52,3924,10,'2021-09-12 20:50:51.740289','2021-09-12 20:50:51.740289'),(53,5335,8,'2021-09-12 20:50:51.740289','2021-09-12 20:50:51.740289'),(54,8089,4,'2021-09-12 20:50:51.740289','2021-09-12 20:50:51.740289'),(55,1886,NULL,'2021-09-12 20:50:51.740289','2021-09-12 20:50:51.740289'),(56,2525,2,'2021-09-12 20:50:51.740289','2021-09-12 20:50:51.740289'),(57,9192,10,'2021-09-12 20:50:51.740289','2021-09-12 20:50:51.740289'),(58,5460,4,'2021-09-12 20:50:51.740289','2021-09-12 20:50:51.740289'),(59,2253,3,'2021-09-12 20:50:51.740289','2021-09-12 20:50:51.740289'),(60,5444,5,'2021-09-12 20:50:51.740289','2021-09-12 20:50:51.740289'),(61,7788,NULL,'2021-09-12 20:50:51.740289','2021-09-12 20:50:51.740289'),(62,4047,8,'2021-09-12 20:50:51.740289','2021-09-12 20:50:51.740289'),(63,3575,4,'2021-09-12 20:50:51.740289','2021-09-12 20:50:51.740289'),(64,5741,13,'2021-09-12 20:50:51.740289','2021-09-12 20:50:51.740289'),(65,9718,NULL,'2021-09-12 20:50:51.740289','2021-09-12 20:50:51.740289'),(66,7437,5,'2021-09-12 20:50:51.740289','2021-09-12 20:50:51.740289'),(67,9348,12,'2021-09-12 20:50:51.740289','2021-09-12 20:50:51.740289'),(68,4292,NULL,'2021-09-12 20:50:51.740289','2021-09-12 20:50:51.740289'),(69,2165,8,'2021-09-12 20:50:51.740289','2021-09-12 20:50:51.740289'),(70,2612,1,'2021-09-12 20:50:51.740289','2021-09-12 20:50:51.740289'),(71,5068,10,'2021-09-12 20:50:51.740289','2021-09-12 20:50:51.740289'),(72,1028,14,'2021-09-12 20:50:51.740289','2021-09-12 20:50:51.740289'),(73,9834,NULL,'2021-09-12 20:50:51.740289','2021-09-12 20:50:51.740289'),(74,2074,10,'2021-09-12 20:50:51.740289','2021-09-12 20:50:51.740289'),(75,5111,1,'2021-09-12 20:50:51.740289','2021-09-12 20:50:51.740289'),(76,7907,7,'2021-09-12 20:50:51.740289','2021-09-12 20:50:51.740289'),(77,3994,9,'2021-09-12 20:50:51.740289','2021-09-12 20:50:51.740289'),(78,5276,NULL,'2021-09-12 20:50:51.740289','2021-09-12 20:50:51.740289'),(79,7148,9,'2021-09-12 20:50:51.740289','2021-09-12 20:50:51.740289'),(80,6862,11,'2021-09-12 20:50:51.740289','2021-09-12 20:50:51.740289'),(81,7865,NULL,'2021-09-12 20:50:51.740289','2021-09-12 20:50:51.740289'),(82,1144,1,'2021-09-12 20:50:51.740289','2021-09-12 20:50:51.740289'),(83,3998,NULL,'2021-09-12 20:50:51.740289','2021-09-12 20:50:51.740289'),(84,6669,8,'2021-09-12 20:50:51.740289','2021-09-12 20:50:51.740289'),(85,9189,10,'2021-09-12 20:50:51.740289','2021-09-12 20:50:51.740289'),(86,7420,6,'2021-09-12 20:50:51.740289','2021-09-12 20:50:51.740289'),(87,5224,NULL,'2021-09-12 20:50:51.740289','2021-09-12 20:50:51.740289'),(88,3047,12,'2021-09-12 20:50:51.740289','2021-09-12 20:50:51.740289'),(89,9494,1,'2021-09-12 20:50:51.740289','2021-09-12 20:50:51.740289'),(90,7680,1,'2021-09-12 20:50:51.740289','2021-09-12 20:50:51.740289'),(91,3422,10,'2021-09-12 20:50:51.740289','2021-09-12 20:50:51.740289'),(92,2209,NULL,'2021-09-12 20:50:51.740289','2021-09-12 20:50:51.740289'),(93,3622,13,'2021-09-12 20:50:51.740289','2021-09-12 20:50:51.740289'),(94,2887,6,'2021-09-12 20:50:51.740289','2021-09-12 20:50:51.740289'),(95,3075,5,'2021-09-12 20:50:51.740289','2021-09-12 20:50:51.740289'),(96,6541,NULL,'2021-09-12 20:50:51.740289','2021-09-12 20:50:51.740289'),(97,9557,3,'2021-09-12 20:50:51.740289','2021-09-12 20:50:51.740289'),(98,1758,7,'2021-09-12 20:50:51.740289','2021-09-12 20:50:51.740289'),(99,4033,NULL,'2021-09-12 20:50:51.740289','2021-09-12 20:50:51.740289'),(100,4683,11,'2021-09-12 20:50:51.740289','2021-09-12 20:50:51.740289');
/*!40000 ALTER TABLE `bikes` ENABLE KEYS */;
UNLOCK TABLES;

--
-- Table structure for table `schema_migrations`
--

DROP TABLE IF EXISTS `schema_migrations`;
/*!40101 SET @saved_cs_client     = @@character_set_client */;
/*!50503 SET character_set_client = utf8mb4 */;
CREATE TABLE `schema_migrations` (
  `version` varchar(255) NOT NULL,
  PRIMARY KEY (`version`)
) ENGINE=InnoDB DEFAULT CHARSET=utf8mb4 COLLATE=utf8mb4_0900_ai_ci;
/*!40101 SET character_set_client = @saved_cs_client */;

--
-- Dumping data for table `schema_migrations`
--

LOCK TABLES `schema_migrations` WRITE;
/*!40000 ALTER TABLE `schema_migrations` DISABLE KEYS */;
INSERT INTO `schema_migrations` VALUES ('20210830174339'),('20210830180952'),('20210921031600');
/*!40000 ALTER TABLE `schema_migrations` ENABLE KEYS */;
UNLOCK TABLES;

--
-- Table structure for table `stations`
--

DROP TABLE IF EXISTS `stations`;
/*!40101 SET @saved_cs_client     = @@character_set_client */;
/*!50503 SET character_set_client = utf8mb4 */;
CREATE TABLE `stations` (
  `id` bigint NOT NULL AUTO_INCREMENT,
  `identifier` int NOT NULL,
  `name` varchar(255) DEFAULT NULL,
  `address` varchar(255) DEFAULT NULL,
  `created_at` datetime(6) NOT NULL,
  `updated_at` datetime(6) NOT NULL,
  PRIMARY KEY (`id`)
) ENGINE=InnoDB AUTO_INCREMENT=18 DEFAULT CHARSET=utf8mb4 COLLATE=utf8mb4_0900_ai_ci;
/*!40101 SET character_set_client = @saved_cs_client */;

--
-- Dumping data for table `stations`
--

LOCK TABLES `stations` WRITE;
/*!40000 ALTER TABLE `stations` DISABLE KEYS */;
INSERT INTO `stations` VALUES (1,21,'Florence Bank Station','19 Meadow Street Florence MA @ Lilly Library','2021-09-13 03:23:05.827565','2021-09-13 03:23:05.827565'),(2,24,'Florence Center','31 Main Street Florence MA','2021-09-13 20:52:45.018427','2021-09-13 20:52:45.018427'),(3,30,'Jackson Street','7A-7D Jackson Street Northampton MA','2021-09-13 20:52:45.089711','2021-09-13 20:52:45.089711'),(4,25,'Cooley Dickinson Health Care','51 Locust Street Northampton MA','2021-09-13 20:52:45.102209','2021-09-13 20:52:45.102209'),(5,29,'State St/Mass Central Rail Trail','State Street/Mass Central Rail Trail','2021-09-13 20:52:45.118571','2021-09-13 20:52:45.118571'),(6,33,'Northampton High School','380 Elm Street Northampton MA','2021-09-13 20:52:45.132598','2021-09-13 20:52:45.132598'),(7,20,'Village Hill/State Hospital','Village Hill/State Hospital','2021-09-13 20:52:45.161787','2021-09-13 20:52:45.161787'),(8,26,'John M Greene Hall/Smith College','1 Chapin Way Northampton MA @ John M. Greene Hall','2021-09-13 20:52:45.188585','2021-09-13 20:52:45.188585'),(9,23,'Forbes Library','20 West Street Northampton MA','2021-09-13 20:52:45.214047','2021-09-13 20:52:45.214047'),(10,27,'Pulaski Park/Downtown','274 Main Street Northampton MA at Pulaski Park','2021-09-13 20:52:45.232057','2021-09-13 20:52:45.232057'),(11,31,'Main Street/Court House','99 Main Street Northampton MA','2021-09-13 20:52:45.246529','2021-09-13 20:52:45.246529'),(12,28,'Northampton Train Station','Northampton Train Station','2021-09-13 20:52:45.274994','2021-09-13 20:52:45.274994'),(13,32,'Main Street/Bridge Street','1 Bridge Street Northampton MA','2021-09-13 20:52:45.296961','2021-09-13 20:52:45.296961'),(14,22,'YMCA/Childs Park','YMCA/Childs Park','2021-09-13 20:52:45.315213','2021-09-13 20:52:45.315213');
/*!40000 ALTER TABLE `stations` ENABLE KEYS */;
UNLOCK TABLES;

/*!40103 SET TIME_ZONE=@OLD_TIME_ZONE */;

/*!40101 SET SQL_MODE=@OLD_SQL_MODE */;
/*!40014 SET FOREIGN_KEY_CHECKS=@OLD_FOREIGN_KEY_CHECKS */;
/*!40014 SET UNIQUE_CHECKS=@OLD_UNIQUE_CHECKS */;
/*!40101 SET CHARACTER_SET_CLIENT=@OLD_CHARACTER_SET_CLIENT */;
/*!40101 SET CHARACTER_SET_RESULTS=@OLD_CHARACTER_SET_RESULTS */;
/*!40101 SET COLLATION_CONNECTION=@OLD_COLLATION_CONNECTION */;
/*!40111 SET SQL_NOTES=@OLD_SQL_NOTES */;

-- Dump completed on 2021-11-10 19:42:58
